Category,Total_Revenue,Average_Revenue
Clothing,23577253426.7998,283598.602612584
Furniture,23845622324.7107,284136.915085384
Sports,23560981513.0201,283450.608900412
Beauty,23493764114.0008,282696.365051872
Grocery,23590723028.6765,283801.585927969
Electronics,23722271248.6166,283796.567115489
